{"stats":{"minecraft:picked_up":{"minecraft:dirt":4},"minecraft:custom":{"minecraft:jump":10,"minecraft:time_since_rest":647,"minecraft:leave_game":1,"minecraft:sprint_one_cm":177,"minecraft:play_time":647,"minecraft:damage_taken":20,"minecraft:time_since_death":647,"minecraft:walk_one_cm":952,"minecraft:total_world_time":647,"minecraft:fall_one_cm":613,"minecraft:fly_one_cm":1167},"minecraft:used":{"minecraft:dirt":4},"minecraft:mined":{"minecraft:grass":1,"minecraft:grass_block":4}},"DataVersion":3465}